asset,query,published_at_utc,title,summary,url,source
NVIDIA,NVIDIA,2026-09-27T22:00:02Z,Greek Shipping Billionaire Maria Angelicoussis’s Nvidia Stake Signals a New Course for Shipping Wealth - CEOWORLD magazine,,https://news.google.com/rss/articles/CBMizwFBVV95cUxQYTBjRWRjVVg5SXdxejZ6ZjF0U3dWa0FERU5YYVBqbkpXNFlQd2ZDazRaUmt4XzBxalUyYmhJMVEzY0ppdHAxOVN0QVg2anVqbUduNDcwUXRraFJYa21OajkxeXQ5MUpYRDdXdEtqZk4tSzhDNWpqTkM3NzJRbTNiSVRxRWUzX3V0M1p4dEprSzhoN2QtRll4Smd3alBMV2NlWXUtSDh3ajZkQks2Z3ZFeHJ0MkVnU25TbGpUSkZCbXVIUTllVUtJR3pmSzU3Q2M?oc=5,gnews
Solana,Solana,2026-09-27T21:52:44Z,Trader’s $67.88M Long on Solana Could Yield $65M Profit - Cryptonews.net,,https://news.google.com/rss/articles/CBMiV0FVX3lxTFBQcGJreVVQSGptOFE1ZXdVOFJkRURfZmdMWDZMdTZvaEROQ3Jpa0RhSXJwQWFQMWFJUHBiQlM5Z3c2bzFNWlAwM1lTR3RBSHFodEJNZnFUQQ?oc=5,gnews
NVIDIA,NVIDIA,2026-09-27T21:31:27Z,3 Simple Reasons I'd Rather Own Nvidia Than SpaceX - The Motley Fool,,https://news.google.com/rss/articles/CBMimAFBVV95cUxPdDZtQ0JQeUJmMXF2b1ByYnpoVmR4RUdUVDVoTFMwY1B3VktTRW1VVTN5eWNjeVFBWDZvanpNMlNBWkFqUVNIekE5QnVMRkJ6a0pLMUpoSGRjVVlfaEtIdTVOcDZJSGlpZExJclhsTldPSndudWNjTkVkcDJKemNSRmpsXy0yNEIzVWFmR1c3a0xjeTBRZVE0WA?oc=5,gnews
Robinhood,Robinhood Markets,2026-09-27T21:07:43Z,"Dogecoin price on Sep 27, 2026 at 6pm EDT Crypto Prediction Market - Robinhood",,https://news.google.com/rss/articles/CBMitAFBVV95cUxQek52dmlObGc4ZXZSVlVPOWktUFc4dmNTMFNJTktSZEQ1Zmg1c1A4R3JYQTlUV3A0Sm16YlM5QlB3S0xTeU5PX2pmVmZrUkFDanBYXzlkN3YyMlgtYkM3Z0kyY0htWlAxQXprSTltcUhxRmZ5Y3I0c21feTlTMWVLZHBwZE1GTDk2WURMRkZOWjdBM01PLVNYcEw4UHF2R0daWng2dGdodVl0RlFaTzZnVDZUUW4?oc=5,gnews
XRP,XRP,2026-09-27T21:03:45Z,"XRP price at Sep 27, 2026 at 6pm EDT Crypto Prediction Market - Robinhood",,https://news.google.com/rss/articles/CBMirgFBVV95cUxOa0dSQUQ3ZENQM2tudGt1NkI0cjFiZEtHemI3T2xSZUd5ZW9Nc0cwRjVaUjZtTG5ubjJIQnowb3RmR0VIN1dXR3dxUC1Eblg1R0RFcFluTTNYMFM5RV9OZGZtaThtUF80bWUya19remZKaVlmbUs5WkJlVEJ2R1Q0MVR5N3FuUmhGdnVKYVd4WjdYbWJIN1VLNEZFdkNkdkF5UTNBT09salh0dnZEMVE?oc=5,gnews
Robinhood,Robinhood Markets,2026-09-27T21:03:45Z,"ETH price on Sep 27, 2026 at 6pm EDT Crypto Prediction Market - Robinhood",,https://news.google.com/rss/articles/CBMirgFBVV95cUxNeDlCcjJWdWRoMTlvdnd0N2Znc2hWT3lGQlNacnItcko3Ymh0MWh5ZUlteVhBVm5zcnVoSFhTZFZvcjNwdElWVmFqVUVHRFowMEhnS0dfS1ZHYzdXNWlueEhPVENpaFlJa3RkY1Vla1l2VEVtUGZHWGpuOU0yczQyMTVTTEhRSDdfeDJRWXdUWG9RSkVGX2dDdlM3Y05DRkt2T1BzTkFiZTVuTGtIU2c?oc=5,gnews
Robinhood,Robinhood Markets,2026-09-27T21:03:45Z,"XRP price at Sep 27, 2026 at 6pm EDT Crypto Prediction Market - Robinhood",,https://news.google.com/rss/articles/CBMirgFBVV95cUxOa0dSQUQ3ZENQM2tudGt1NkI0cjFiZEtHemI3T2xSZUd5ZW9Nc0cwRjVaUjZtTG5ubjJIQnowb3RmR0VIN1dXR3dxUC1Eblg1R0RFcFluTTNYMFM5RV9OZGZtaThtUF80bWUya19remZKaVlmbUs5WkJlVEJ2R1Q0MVR5N3FuUmhGdnVKYVd4WjdYbWJIN1VLNEZFdkNkdkF5UTNBT09salh0dnZEMVE?oc=5,gnews
Robinhood,Robinhood,2026-09-27T21:03:45Z,"BTC price range on Sep 27, 2026 at 6pm EDT Crypto Prediction Market - Robinhood",,https://news.google.com/rss/articles/CBMitgFBVV95cUxQbHJOY1hjSmczRHQwUzZTQ01oTFNKMjNWak95M1d6djZFY0Q3enkzdmdLRHFsSThyTjJ2VmZRd0xodzNTUjlzcEs4d3d6alBwZ2xvU2RQajdhOFBPbmZha0d0MGUzUzJ0RGRVaUZfenVMZDFTakc1VHhlLVJIUFN5bkNuaW9BM3ZXcFZGQzNTaWNfWGJ6MTA5N05yN1FVcHQ3ckhra1NnMjBOMlcyU1ZOTzRMbWlxdw?oc=5,gnews
Robinhood,Robinhood Markets,2026-09-27T21:03:40Z,"SOL price on Sep 27, 2026 at 6pm EDT Crypto Prediction Market - Robinhood",,https://news.google.com/rss/articles/CBMirgFBVV95cUxOa0liTUVrUHdQZHlkMHE4MldiTHY1bmwyT1pENl8zT2pobkxHTTkyTmxVeVRtMGtubHNGZ1RtWHRRdkxFVW5kWENLNUFjSXA2eDJnUnFlR25OVkhUQUhoeVNKTmxCWmswejFTLVIxTVF3N2tyckZvT2plT01FQ3ZPeGtDRlpPQWlYWkJYaGJrVXdjdURWeG9NbmpabUtEcGpxSGRWdzNwSkNib0c5eVE?oc=5,gnews
Coinbase,Coinbase,2026-09-27T21:00:01Z,Coinbase CEO Says Crypto Voters Are Paying Attention Ahead Of Midterms - Briefs Finance,,https://news.google.com/rss/articles/CBMikgFBVV95cUxPaUZGQWk5X0lBTjlKMXJCVFVRQmFmMkpXOVhFZEs5dGNVaGZOVG1NbjQ5OHNEVWNWbndBNUJQd1daTUVaY0pnSWF4VGpwQnZqczk4ckVuODhIaU16STRLMUpydHI3WVE5LWJMc0VjUUNtdFlqNDJFSVQyYjFzckczUVVueXpZUTgwVVhQeG5Bd1dTZw?oc=5,gnews
XRP,XRP,2026-09-27T20:58:55Z,A New Dawn for XRP and Solana ETFs in the Crypto Sphere - OneSafe,,https://news.google.com/rss/articles/CBMifkFVX3lxTE5xVWNfLUNwR1ZGMk9HRmF0UElRVVVXSzlmT0RKT3VscWFwMU8tNWxaN0xPMXZrdGxEcUZYdGd2dnd6Q3VCdHZHRDVkbFhGR2J5M2otQWltSGFoUEo4bDRSMkpicFBZX1ZuYVdsTHBsMEZYWHRWcmhXLTlYZC1iUQ?oc=5,gnews
Solana,Solana,2026-09-27T20:58:55Z,A New Dawn for XRP and Solana ETFs in the Crypto Sphere - OneSafe,,https://news.google.com/rss/articles/CBMifkFVX3lxTE5xVWNfLUNwR1ZGMk9HRmF0UElRVVVXSzlmT0RKT3VscWFwMU8tNWxaN0xPMXZrdGxEcUZYdGd2dnd6Q3VCdHZHRDVkbFhGR2J5M2otQWltSGFoUEo4bDRSMkpicFBZX1ZuYVdsTHBsMEZYWHRWcmhXLTlYZC1iUQ?oc=5,gnews
Ethereum,ETH Ethereum,2026-09-27T20:50:00Z,"Can Arbitrum Reach $1? What It Would Take, and Why Ethereum Could Decide It - 24/7 Wall St.",,https://news.google.com/rss/articles/CBMiywFBVV95cUxPT3lmeUhZMkhvbjNvRlpYbVkxYWNfSlFSMXJjUnBsOFNraUFxRVFsaE8xYWZwa3Q3cnllQTByM1hZUDZFVUtpaGZHa2Y3aUd4WEpHQWR4SWFyRzlIUVlub19BSEw0MExYSnFCV3AtY1ViLTRxQnFpT2gxREE0MWtpZkR1bVV4VDAyc3hoVzJOem93aE5ZcC11SkRaS2U3NUJla3NnQW1CZzhLNTZMaVE5WjFuNy1ROERaNGZnVnZOMTB5VEpFZDNfbTlVNA?oc=5,gnews
NVIDIA,NVIDIA,2026-09-27T20:45:00Z,Apple and Nvidia Are the Two Largest Companies in the World. Which is the Better Stock to Buy? - The Motley Fool,,https://news.google.com/rss/articles/CBMijwFBVV95cUxPbjI5VFV4YVpCVjBreUV0OUxoWTlLWmFlOExiWUc2VjgwT0MwR3pRQmNUWDZLc2tFM3JXWVRwRjBOc0ljeFZJd0p0bmNvVWNEOWFWeXRiM1liRjNLWV85V3JJN09JZUdici1QNHV3NWcwZnRIeWlqM0k0c01TTFFiNmhQR1kzU0VteXBGYWxJdw?oc=5,gnews
XRP,XRP,2026-09-27T20:42:53Z,Is XRP a Good Investment Right Now at $1.54? - Yahoo Finance,,https://news.google.com/rss/articles/CBMilAFBVV95cUxPdkVHdk93TkhpcXZtMVItd0RIWTFMelRDTldmRHA1M2pmejM4S0lONWVrMGVSbWoxMlNHY1gyZ1gxcTVvd09TT0FILW84S0RqbzZ5RkUwR3otR0plMVloQzVScEZmdUVuS2h4SHR1eXo5c3c2cjNrdzRzTnFRRTQ0SWkyY2dfU0xHZEtrS01NSG84NC1k?oc=5,gnews
XRP,XRP,2026-09-27T20:42:00Z,Is XRP a Good Investment Right Now at $1.54? - 24/7 Wall St.,,https://news.google.com/rss/articles/CBMiowFBVV95cUxOVW5JOVFHRGJCNjdqd1dHRzcwVFhiNlBkRlB1SjhMQ3VELV9ScnZZYUdhTWs5S0xtMUtzaDVUQUVSRFllRUtiS2NkdE5XcnNRQXBPcUdUMkRKTlBONE1PeFpnWG1CNVBoNWYyVllRY25rZjEzSzAwYklqdHd3NXIxYUppampzMWVwS3ktSlAzaVQxbnZDT28xcXg3NVlZV2U3R3BR?oc=5,gnews
Solana,Solana,2026-09-27T20:32:10Z,Solana Sees Biggest ETF Week Since Launch - Cryptonews.net,,https://news.google.com/rss/articles/CBMiWkFVX3lxTE5ZMGd3ZmdIT1ZQMFNneUxrOUlQRjZ2MVBSa0RmNzM5d3NFXzNjMkpvYWZjSEkyblI5Zm50UDlnNFFXQklUWHBQU2xFYy12ck5WTF9qeXBldGZGQQ?oc=5,gnews
Pfizer,PFE,2026-09-27T20:27:34Z,Pfizer (PFE) Balances Global Pricing Opportunity with New Revenue Sharing - Yahoo Finance,,https://news.google.com/rss/articles/CBMimwFBVV95cUxPTWtQeS15SEl1ZVdudmxGYmZraWRnbHRWUzhGOXFIUkZsMGxjUUZXMEl1V3I1Z2NCSFNiUHc3aHpDVmpKaXlURExnSzRacl83LV9MMUZmUk5QYnVOdXZHamdwNHprRGtzWFZMTE1RNzFyVC1la2FiRVRGTkVFVFVReVZLQzFxMWtHUTl3aHR5eEFSc3QwbTJBdkhYUQ?oc=5,gnews
Solana,Solana,2026-09-27T20:26:49Z,"Top 5 Crypto Growth Picks for 2026: Remittix, Solana, Polkadot, Chainlink and Aave - TechBullion",,https://news.google.com/rss/articles/CBMipgFBVV95cUxPdnVEVV9VODVZUEJBX00zdjhTV0haTU8yVmctd0RXaTk0QTNjWDVvN3M0TG02blhmaTl4Y2RJZkg1THVpazNaSG9tWUp2QWJpcUs0OGRWOVVrbWhjWUVsSF9COWVhS1M2VVFHbWFqVjkxOEF6d3pjUEdiSzlBbEctbnRQeF9rcTJJbDVkbThHNDVqbW42NW52OGtZNG9qeWlENFRjeTd3?oc=5,gnews
XRP,XRP,2026-09-27T20:22:38Z,"Next XRP? Remittix Combines PayFi Utility, BINANCE500 Rewards and an Official Token Launch Date - StreetInsider",,https://news.google.com/rss/articles/CBMi7AFBVV95cUxPVFgyeHBka2JsUWRyaHlCUkJiZDMyVXVzT0lYcjBFZXhRaXc3YXFtSkpyb2dNOGFoVHJySUR1MUtsWkxRU2kwR09wc21VN1FaZ19Qa0l4d3Njc0V2eXlaM0UtdEE3UHZITmRZa3Y0a3pBbmR3MEwyY0tmZ3JZdnk1QnEtdWxGZ18xRU5hZjVXOU1sZ1dWZnRmVzB1c3NWeHZoeHBxZGtZS3QzbndWOGltSzFYZGZTTDZxMmZGeUZac2ZRdXQ2bklMR01rSWxsNDFNSXplRnFuTHlxdVk3elVvY1dzdjl5Y1ZHeklNZA?oc=5,gnews
XRP,XRP,2026-09-27T20:18:35Z,XRP ETFs Attract $75M in a Week as SOL Funds Hit New 2026 High - CryptoRank,,https://news.google.com/rss/articles/CBMioAFBVV95cUxPeWVjSGw4U1FIOVlCcFRPZkpuYUFKdHVOb2U0aDVzWm12R2h4d2lkTEx0aDlOdk41dlhKUmx6bDZxTGV5Ujl1NjF3OElYREtod21ZZDFhcTVYTXFFZFk1V3lfS2ZRMFJxVTJtN2ZMYWJnVFZSZDd2MHhpSDhHUDRfU0Z2R0pnQzlRdUVXVEh0ZWwyeWJRejhuMDBfbjJvSE1V?oc=5,gnews
XRP,XRP,2026-09-27T20:11:35Z,Will XRP Hit $4 By 2028? - The Globe and Mail,,https://news.google.com/rss/articles/CBMiowFBVV95cUxPdzZpNUllSUZDX2xCM2xnZW5ITWI1YzNVejhNdi1oWm50N250ZXJoTDdqbkNBTW9DOV95bzZhZmZCM3ZwTWREbnlyckRjS251VFJWUHA0Ynl1X1NxN2ZRY245Ym1pdHZSa1lCQlpyMmdKQVVMZkRxQ3FjckNVTzVpVFY3ZC13MHNJQUtOeGF0aDdfYXhWdGhmWmFzcDIzVjFFcmMw?oc=5,gnews
Novo Nordisk,Novo Nordisk,2026-09-27T20:09:32Z,Novo Nordisk Searches for Growth Beyond its Biggest Franchise - Yahoo Finance,,https://news.google.com/rss/articles/CBMinAFBVV95cUxOa0dtSEZKUy1wMXc0dmRrbzJaNjBZNk1Db2QyajdlQlpLU19nODM3RXZyU1FZRW4xLTVYN2w4bjBuSUxiNDNRQm1GMzJ1aEp1aEFlV0NOQjN4MHpaNk9fQndTaUJFQ1Z1cDAyOXVYYlVlaWN1M1c2WDA5ZlVyaHNJUlNkS29SV1kwQXZVTkZHVHVVNC1GRVFQOW92Ni0?oc=5,gnews
NVIDIA,NVIDIA,2026-09-27T20:09:08Z,Apple and Nvidia Are the Two Largest Companies in the World. Which is the Better Stock to Buy? - The Globe and Mail,,https://news.google.com/rss/articles/CBMihgJBVV95cUxPZ1MxUmVtc3RwZkJKMDVXV0k0ajczZVlUeDRfUHRhQVFoTFBqX29rNGlaT0JzWk5Bb1FHSGxSSzNXUGljMHI0d0otanJoQS1iNjFxM3N1cDlpeDNRcnAyaFB1REtkNDlmcE5iWXVrc1ZPeEZDWlE0SEZYd0dHczNTS0luNlVvWnVzZ2xGSFRQaVZ6bUFyZ3FfYmhHUEV0Wm9DX3pXNDFBTmFhVVJZNXViczFodmROeVVlRkxNZ1BCMGYyUkRXa2ZBcWRCYVhUZVNhdnlPNHNBOEZXMks0RThMUWtDV29MSThSdjNGSDkxVGNMM0VjOUtGQW1JVzkzS3NtNEdCRHJR?oc=5,gnews
Solana,Solana,2026-09-27T20:05:30Z,Solana’s plan for fairer trades stalls as block producers still choose which orders get in - CryptoSlate,,https://news.google.com/rss/articles/CBMitAFBVV95cUxPd1o4RFV5WE5xRElHX1NGUkJXTTBFZ1BIZks5cGVvbTZCSExoOG9Ndmc1eGl4YnJac2tZSzhpRTJ3T2dta0lyTzhHQ0oxTG9WZnZGbFo2QUFfSkRnSXZhdUFUYVNzRGxHWWcyTER5SXJiaXRCajhpc1hqUzY2SEl3Q3VtRTh5SFg0NWFiOUNhY21qd3o2X2QwNk9rYjdXWXIxR1NhTVQzM2xHYnQ4c3lyTDY3dXA?oc=5,gnews
XRP,XRP,2026-09-27T20:05:00Z,XRP ETFs Attract $75M in a Week as SOL Funds Hit New 2026 High - CryptoPotato,,https://news.google.com/rss/articles/CBMikAFBVV95cUxPOVRHd2hwbXBxUm5kQ1VkVWVLaDlXUVVCWjhNdlJmT3RqNHh4bHpCejV6Y3U3LU5PZ0NHY2NGY21LZ0hKUmtvcE9ucXFRMzBqVUhLODNYaGlXdEJRcmtMNmRrb25rZm9UaE9ENFRRXzVQblVOZ2VQQlJyZDh0ejBtcU4xR002N0lnRlotVWhLUkM?oc=5,gnews
XRP,XRP,2026-09-27T19:58:18Z,Will XRP Hit $4 By 2028? - The Motley Fool,,https://news.google.com/rss/articles/CBMic0FVX3lxTFBURDVGNmJrLVNxVjNZNU9ic2c2Sm53aktyaFhnaWQ2VTZna2RoOWtmUVZKVjltUWFubnZWRHdCZF92YmdNS1lQOUt2X0VsbVJNR3g4SW1uVFg3SzRTY0FFYTZuWFZKRDhpQ2R3MVNhNFhYZ3M?oc=5,gnews
Solana,Solana,2026-09-27T19:47:56Z,Solana ETFs attract $188.21 million in reported inflows - Altcoin Buzz,,https://news.google.com/rss/articles/CBMigAFBVV95cUxPOE1mVHpRendXY0N2UmwyWHNlZTFvUUo5Q21KZjEwQkNCMFpSSldtX2p2aklqb3RfUWxFVkxrOWQyRUhUVnVmQ090enZiRENmTHFMY0xaT295NVQ2R3VzNnpTNFl1aUFLZTVMRGlNSTJwTlZiSXU1WDVOZHNZUGVOYg?oc=5,gnews
Coinbase,COIN,2026-09-27T19:28:26Z,Coinbase (COIN) vs Strategy (MSTR): Which is a Better Stock to Buy? - Yahoo Finance,,https://news.google.com/rss/articles/CBMimwFBVV95cUxOT09CNEZpNUlqMTlQR2NOQ0xIQThUOWNXLWVueVV0SkJTZV9RWHQ5QUJyZWJrZmpGQjVDb2QzRE5ZelV4U3I3TElEX3lRSlB4VThkZ01zQ3RvOWxkQmI5d2RDOGpMWnoyclFZXzJKSFUxSHpBNEF1QjdleVB4Uk8xd3U4MmpjZTk2RkRuT2lmemd0VFhVZHVfNi1CUQ?oc=5,gnews
XRP,XRP,2026-09-27T19:25:29Z,"XRP faces a potential crash to $0.15 or a surge to $30, with key levels at $1.47 and $1.65 critical for direction. - pluang.com",,https://news.google.com/rss/articles/CBMihgFBVV95cUxNYVpLNi1OWmVEZkpmQ19qRVp2Y3Q3VG1JR281Z0tHRGFnVDZLWG1xV1duRFpWczNjOWQ0NTFsZzlCSkNCcEMyRi1iNzd5bTQ2YTlrRVZHMTV1LWhqNDhYMS1La1AzMHgtZER3eHNVaTNzc1I4VnRwTTM1QkJrbF9PZTBkamVidw?oc=5,gnews
Bitcoin,BTC Bitcoin,2026-09-27T19:25:00Z,Did MicroStrategy Buy More Bitcoin? Michael Saylor Drops Another Signal - BeInCrypto,,https://news.google.com/rss/articles/CBMic0FVX3lxTE85ZVBlYXMzb0tFMm1lT0pyWDRlUi1uZC1DY0V3RHBuVk5UWFlwQWxRYlFxTUlKcmVpY01pYm1qN0RsRHlkblo4Z09BdktfZFV6UkIydmNfSlc5WVVaYk1YMXE3WVMzbWVPSFp2Sm9PcTFMbFk?oc=5,gnews
D-Wave Quantum,QBTS,2026-09-27T19:20:00Z,"IonQ (NYSE: IONQ), Rigetti (NASDAQ: RGTI), And D-Wave (NASDAQ: QBTS) Face The Ultimate Quantum Survival Test - foreignpolicyjournal.com",,https://news.google.com/rss/articles/CBMi3wFBVV95cUxOTmhhWmJCVzlsVDNDYkdMLWlicnczcDN4d1RaS0VYNThNd3hEdW1hNjI2WExaSnFpVkNDNS05bGlUTElVVVp1OElqLVgxQ3ZTdE9jNU5CTDFTdGxIanl6bzZsUjNNYmdaeTZTdVdhTnFydE9QMVNmOWE5WExHN1B6Qk4zNTFBYS0wUnhsQVNJU1RLaHFGeFFVWVQ0cEFrbGgzdzhISG00d1A1RkE1djZyMHZ5eGVrOWNsWlYwQ183b1hmRlp2M0Fab1RzRzFWdkthdmZPaVo3RFRmajJXejZr?oc=5,gnews
XRP,XRP,2026-09-27T19:17:35Z,15 Altcoins Are Seeing a Surge in Trading Volume in South Korea – XRP Has Lost Its Top Spot - Cryptonews.net,,https://news.google.com/rss/articles/CBMiV0FVX3lxTFA0bDdrRDRJcUo2UEk2UHJwcVRiNFRQUERTbktyWXJvQnRCNjd0ZVIzaG5icTAtSmNaSGwzOEhGQkFONWR3WGlLOEE2ZE9mR0p5R2ZITEVkSQ?oc=5,gnews
Rheinmetall,Rheinmetall,2026-09-27T19:10:48Z,Rheinmetall's Kassel Drone Hub Takes Shape as the Stock Stumbles Into Autumn - AD HOC NEWS,,https://news.google.com/rss/articles/CBMi2AFBVV95cUxQRmdMQ0NaM1ZrUnc3ay1JOGFObDdXLURTWlE0RjJRZDJfZHdCdENTbkUySFYxbFFQR0FwWjUxOUkwaGVnVDRBeTBmcTUyOXU5eHYweC1WM0k2QmlwV1ZCMlN3N1JtRGNXSHFzT1c0YXppWGowRlJWRkxscmVNQnZNeHVCV0EwQ3dYV1R5UFJ2VjdfNXMxX18wc0xzNWVyVlhJTFhPT0FVSDFuY2xsaVBzMEZvNGw3OHlFX285SHhoSHVRZ2pUUjFkS1VlZ0hWN3E1dlp2dmpFWHQ?oc=5,gnews
XRP,XRP,2026-09-27T19:06:32Z,XRP Price Today Holds $1.52 After SWIFT Deal as Pepeto Stage Sells Fast - TechBullion,,https://news.google.com/rss/articles/CBMimwFBVV95cUxQRHRTSTFranhBM0xvd2hpb1REQzkzMGVFR0g5bDd2a1pVd09PNFdYaWFVN0xRX0FkTmx3bk4yUXdkcEtobUlMNTdmNTlfcTRLVXVvWlVlVFpRQlYwVHExczdueGQwNEktX2FJdktGWENPNkUwOVFiVEdIQno3TXlXUEU1S2NZaEdzdWhGWmwwcko5NXZ5UFR5YnJIcw?oc=5,gnews
NVIDIA,NVDA,2026-09-27T19:00:00Z,China May Reopen Nvidia's AI Market. How Will NVDA Stock React Monday? - BeInCrypto,,https://news.google.com/rss/articles/CBMibEFVX3lxTE9jaUlUTjBYOXlpcnBXb2todmJzWmxIZUs0VzczeXpOU1JITnQ0a1k3X3BMT3l1SVhoY3BRYVM0d0dCMFNDZXNGamYwWkdxNTd4bFJ3Z09ZdzQ4dWJBQUFWaF9sajlIT1V4LW9idA?oc=5,gnews
BASF,BASF,2026-09-27T18:50:47Z,BASF Prepares Agricultural Unit for Independence as Evonik Question Looms - AD HOC NEWS,,https://news.google.com/rss/articles/CBMi3gFBVV95cUxOY19pNkxiSjZqT0tyeDdtYmlDVGZTZkRKVU9rcjF1YkNvSHFrVldINTJ3VmtiNTFGdmJleEY1V1d6bXgwOTNTTVZ6RHhTX0VHMkFkTnlscUtOTmhXSXVYbE5LTnBTQTB6YnViYlNQOExrMG9oQjF3dUNlQ0hqWE1kTnlGcnhmcU1Wb1docGhlejMwU09Kb1VLcU04N28tRGd0bkZ3RTRHeFVzZEVzU2R5azdMVFNIWjdJeUpqaVVQM0liNE5HU3FtQlFKZGxNQmRtbXFYRlJlVFd4MGhTU0E?oc=5,gnews
XRP,XRP,2026-09-27T18:36:26Z,Next 100x Crypto: LINK and XRP Draw Attention as the Fed Proposes Stablecoin Rules and Remittix Schedules Launch - TechBullion,,https://news.google.com/rss/articles/CBMi0gFBVV95cUxNekNNYWlNSW5scDJ2SjhleE9WQUJUWTg5d0RscnFHd2lFRXBnS2dFcWRlYkFQR3lmWlljZ0hhbjBDd1N5bjFSV0EwZ3ZYYW5XcUpFYTRvNHY5MTN2aG9aM0ZxOFk2NkMxUUFBdXNGWFc5NnE0U19DYnpla2drajdwRHlZUGlIcVJIakpkeGtPS1NMak5WLTkzN2c1aEZqSTV1ZUpOaUZRRDgtbEJjeDBGeEdVZUdGYzMxUFlMdHdNUlV1Q1NjQjRBSXg5YUJndWFNX3c?oc=5,gnews
